1,74724,116.34,39.928,1,-6,-46,-97,74723,74724,116.34,116.34,39.928,39.928
2,74904,116.34,39.927,1,94,26,15,74754,75054,116.34,116.34,39.927,39.927
3,75158,116.34,39.927,1,99,49,26,75058,75257,116.34,116.34,39.927,39.927
4,75384,116.34,39.927,1,38,33,41,75262,75507,116.34,116.34,39.927,39.928
5,75816,116.34,39.928,1,-0,0,0,75512,76121,116.34,116.34,39.928,39.928
6,76511,116.34,39.927,1,-95,-88,-137,76122,76900,116.34,116.34,39.928,39.927
7,77175,116.34,39.927,1,-98,-39,-158,76905,77445,116.34,116.34,39.927,39.926
8,77836,116.34,39.926,1,-74,-21,-164,77450,78223,116.34,116.34,39.926,39.926
9,78997,116.34,39.926,1,29,14,26,78577,79417,116.34,116.34,39.926,39.926
10,81222,116.34,39.926,1,-27,44,122,79422,83022,116.34,116.34,39.926,39.927
11,83044,116.34,39.927,1,-6,-7,-131,83027,83062,116.34,116.34,39.927,39.927
12,84420,116.34,39.927,1,-44,-21,-154,84215,84624,116.34,116.34,39.927,39.926
13,84730,116.34,39.926,1,-32,-12,-159,84629,84831,116.34,116.34,39.926,39.926
14,85062,116.34,39.927,1,90,66,36,84836,85289,116.34,116.34,39.926,39.927
15,86304,116.34,39.927,1,-23,-73,-107,85602,87005,116.34,116.34,39.927,39.926
16,87168,116.34,39.926,1,-28,-66,-113,87007,87330,116.34,116.34,39.926,39.926
17,87666,116.34,39.926,1,54,84,57,87335,87996,116.34,116.34,39.926,39.926
18,88532,116.34,39.926,1,1e-05,-7.9e-05,-83,88001,89062,116.34,116.34,39.926,39.926
1,29316,116.34,39.927,2,90,-11,-7,29285,29346,116.34,116.34,39.927,39.927
2,29492,116.34,39.927,2,37,87,67,29349,29636,116.34,116.34,39.927,39.928
3,29698,116.34,39.928,2,-5,-94,-93,29637,29760,116.34,116.34,39.928,39.927
4,29768,116.34,39.927,2,-8,-91,-95,29762,29773,116.34,116.34,39.927,39.926
5,29780,116.34,39.926,2,3,-98,-88,29775,29785,116.34,116.34,39.926,39.925
6,29790,116.34,39.925,2,10,-96,-84,29786,29794,116.34,116.34,39.925,39.924
7,29838,116.34,39.924,2,29,-94,-73,29796,29881,116.34,116.34,39.924,39.923
8,29979,116.34,39.923,2,98,-71,-36,29886,30072,116.34,116.34,39.923,39.922
9,30086,116.34,39.922,2,96,7,4,30077,30095,116.34,116.34,39.922,39.923
10,30102,116.34,39.922,2,96,-8,-5,30097,30106,116.34,116.34,39.923,39.922
11,30110,116.34,39.922,2,95,-1,-1,30107,30114,116.34,116.34,39.922,39.922
12,30135,116.34,39.922,2,98,12,7,30115,30155,116.34,116.34,39.922,39.923
13,30161,116.35,39.923,2,87,-15,-10,30157,30165,116.34,116.35,39.923,39.922
14,30175,116.35,39.922,2,93,3,2,30166,30184,116.35,116.35,39.922,39.922
15,30218,116.35,39.922,2,88,-10,-6,30189,30247,116.35,116.35,39.922,39.922
16,31126,116.38,39.899,2,97,12,7,31083,31169,116.38,116.38,39.899,39.899
17,31204,116.38,39.899,2,98,3,2,31174,31234,116.38,116.38,39.899,39.899
18,31264,116.38,39.899,2,89,17,11,31239,31288,116.38,116.38,39.899,39.899
19,31318,116.38,39.899,2,95,20,12,31292,31345,116.38,116.38,39.899,39.9
20,31384,116.38,39.899,2,96,-16,-9,31350,31417,116.38,116.39,39.9,39.899
21,31468,116.39,39.9,2,8,77,84,31422,31513,116.39,116.39,39.899,39.9
22,31550,116.39,39.9,2,91,48,28,31518,31581,116.39,116.39,39.9,39.901
23,31601,116.39,39.901,2,37,42,49,31585,31617,116.39,116.39,39.901,39.901
24,31814,116.38,39.902,2,56,-66,-50,31811,31817,116.38,116.38,39.902,39.902
25,31886,116.39,39.899,2,-97,65,146,31884,31888,116.39,116.39,39.899,39.899
26,32288,116.39,39.901,2,-99,75,143,31889,32687,116.39,116.39,39.9,39.901
27,33444,116.39,39.901,2,28,-17,-31,32692,34197,116.39,116.39,39.901,39.901
28,42254,116.38,39.899,2,-70,-32,-155,42215,42293,116.39,116.38,39.899,39.899
29,42333,116.38,39.899,2,-98,8,175,42298,42368,116.38,116.38,39.899,39.899
30,42403,116.38,39.899,2,-94,8,175,42373,42433,116.38,116.38,39.899,39.899
31,42476,116.38,39.899,2,-98,1,179,42438,42513,116.38,116.38,39.899,39.899
32,42556,116.38,39.899,2,-96,3,178,42518,42593,116.38,116.38,39.899,39.899
33,43293,116.38,39.899,2,73,7,5,42598,43988,116.38,116.38,39.899,39.899
34,44036,116.38,39.899,2,100,3,2,43993,44078,116.38,116.38,39.899,39.899
35,44122,116.38,39.899,2,98,-0,-0,44083,44160,116.38,116.38,39.899,39.899
36,44204,116.38,39.899,2,96,19,11,44165,44244,116.38,116.38,39.899,39.899
37,44289,116.38,39.899,2,99,9,5,44249,44329,116.38,116.39,39.899,39.899
38,44389,116.39,39.9,2,17,99,80,44334,44444,116.39,116.39,39.899,39.9
39,44487,116.39,39.9,2,99,16,9,44447,44527,116.39,116.39,39.9,39.901
40,44580,116.39,39.901,2,-92,75,141,44532,44627,116.39,116.39,39.901,39.901
41,44672,116.39,39.901,2,70,-49,-35,44628,44717,116.39,116.39,39.901,39.901
42,46561,116.39,39.901,2,8,-2,-14,44762,48360,116.39,116.39,39.901,39.901
43,48490,116.39,39.901,2,-41,7,170,48365,48615,116.39,116.39,39.901,39.901
44,48718,116.39,39.899,2,-83,70,140,48716,48720,116.39,116.39,39.899,39.9
45,48733,116.39,39.901,2,-95,66,145,48721,48745,116.39,116.39,39.9,39.901
46,48764,116.39,39.901,2,-41,6,172,48750,48779,116.39,116.39,39.901,39.901
47,48888,116.39,39.9,2,-93,58,148,48879,48896,116.39,116.39,39.9,39.901
48,48903,116.39,39.901,2,-4,-1,-166,48898,48908,116.39,116.39,39.901,39.901
49,69118,116.38,39.903,2,-86,19,168,69083,69153,116.38,116.38,39.903,39.903
50,69164,116.38,39.903,2,-94,6,176,69156,69171,116.38,116.38,39.903,39.903
51,69172,116.38,39.903,2,72,-423,-80,69172,69173,116.38,116.38,39.903,39.899
52,69177,116.38,39.899,2,-89,-8,-175,69173,69181,116.38,116.38,39.899,39.899
53,69186,116.38,39.899,2,-97,-4,-178,69182,69191,116.38,116.38,39.899,39.899
54,69213,116.38,39.899,2,-86,-1,-179,69193,69233,116.38,116.38,39.899,39.899
55,69240,116.38,39.899,2,-97,-4,-178,69235,69245,116.38,116.38,39.899,39.899
56,69264,116.38,39.899,2,-96,-5,-177,69246,69282,116.38,116.38,39.899,39.899
57,69291,116.38,39.899,2,-97,-4,-178,69285,69297,116.38,116.38,39.899,39.899
58,69302,116.37,39.899,2,-98,-1,-179,69298,69307,116.38,116.37,39.899,39.899
59,69312,116.37,39.899,2,-90,-3,-178,69308,69316,116.37,116.37,39.899,39.899
60,69322,116.37,39.899,2,-93,-6,-176,69317,69328,116.37,116.37,39.899,39.899
61,69334,116.37,39.899,2,-97,-2,-179,69330,69339,116.37,116.37,39.899,39.899
62,69344,116.37,39.899,2,-88,-5,-177,69340,69349,116.37,116.37,39.899,39.898
63,69412,116.37,39.898,2,-88,-2,-179,69352,69472,116.37,116.37,39.898,39.898
64,69478,116.37,39.898,2,-93,-2,-179,69474,69481,116.37,116.37,39.898,39.898
65,69485,116.37,39.898,2,-86,-3,-178,69482,69488,116.37,116.37,39.898,39.898
66,69492,116.36,39.898,2,-93,-7,-176,69489,69496,116.37,116.36,39.898,39.898
67,69500,116.36,39.898,2,-89,-2,-179,69497,69503,116.36,116.36,39.898,39.898
68,69507,116.36,39.898,2,-91,-0,-180,69504,69510,116.36,116.36,39.898,39.898
69,69514,116.36,39.898,2,-89,-3,-178,69511,69518,116.36,116.36,39.898,39.898
70,69540,116.36,39.898,2,-93,-3,-178,69519,69561,116.36,116.36,39.898,39.898
71,69568,116.36,39.898,2,-92,-0,-180,69563,69572,116.36,116.36,39.898,39.898
72,69578,116.36,39.898,2,-89,-8,-175,69574,69583,116.36,116.36,39.898,39.898
73,69588,116.36,39.898,2,-92,-5,-177,69584,69593,116.36,116.36,39.898,39.898
74,69598,116.35,39.898,2,-89,7,176,69594,69602,116.36,116.35,39.898,39.898
75,69606,116.35,39.898,2,-94,36,159,69603,69610,116.35,116.35,39.898,39.899
76,69616,116.35,39.899,2,-96,94,136,69611,69620,116.35,116.35,39.899,39.899
77,69626,116.35,39.9,2,-57,95,121,69621,69630,116.35,116.35,39.9,39.9
78,69635,116.35,39.901,2,-23,98,103,69631,69639,116.35,116.35,39.901,39.901
79,69643,116.35,39.902,2,-7,88,95,69640,69646,116.35,116.35,39.902,39.902
80,69650,116.35,39.903,2,-6,87,94,69647,69653,116.35,116.35,39.902,39.903
81,69658,116.35,39.904,2,-2,99,91,69654,69661,116.35,116.35,39.903,39.904
82,69665,116.35,39.905,2,-4,86,93,69662,69668,116.35,116.35,39.904,39.905
83,69672,116.35,39.906,2,-3,88,92,69669,69675,116.35,116.35,39.905,39.906
84,69680,116.35,39.907,2,-5,97,93,69676,69683,116.35,116.35,39.906,39.907
85,69687,116.35,39.908,2,4,85,87,69684,69690,116.35,116.35,39.907,39.908
86,69694,116.35,39.908,2,7,88,85,69691,69697,116.35,116.35,39.908,39.909
87,69701,116.35,39.909,2,8,94,85,69698,69704,116.35,116.35,39.909,39.91
88,69708,116.35,39.91,2,5,89,87,69705,69710,116.35,116.35,39.91,39.911
89,69714,116.35,39.911,2,-1,93,91,69711,69716,116.35,116.35,39.911,39.912
90,69720,116.35,39.912,2,-4,88,93,69717,69722,116.35,116.35,39.912,39.913
91,69726,116.35,39.913,2,-1,92,91,69723,69728,116.35,116.35,39.913,39.914
92,69732,116.35,39.914,2,-4,91,93,69729,69734,116.35,116.35,39.914,39.915
93,69738,116.35,39.915,2,-4,99,92,69735,69740,116.35,116.35,39.915,39.916
94,69744,116.35,39.916,2,-1,99,91,69741,69746,116.35,116.35,39.916,39.917
95,69750,116.35,39.917,2,-3,96,92,69747,69752,116.35,116.35,39.917,39.918
96,69756,116.35,39.918,2,-5,89,93,69753,69758,116.35,116.35,39.918,39.919
97,69762,116.35,39.919,2,-3,84,92,69759,69764,116.35,116.35,39.919,39.92
98,69768,116.35,39.92,2,-5,89,93,69765,69770,116.35,116.35,39.92,39.921
99,69774,116.35,39.921,2,0,95,90,69771,69776,116.35,116.35,39.921,39.922
100,69780,116.35,39.922,2,-1,97,91,69777,69782,116.35,116.35,39.922,39.923
101,69786,116.35,39.923,2,-5,87,93,69783,69788,116.35,116.35,39.923,39.924
102,69792,116.35,39.924,2,-5,93,93,69789,69794,116.35,116.35,39.924,39.925
103,69798,116.35,39.925,2,-4,86,93,69795,69800,116.35,116.35,39.925,39.926
104,69804,116.35,39.926,2,-6,95,94,69801,69806,116.35,116.35,39.926,39.927
105,69809,116.35,39.927,2,-4,81,93,69807,69811,116.35,116.35,39.927,39.928
106,69814,116.35,39.928,2,1,83,89,69812,69816,116.35,116.35,39.928,39.929
107,69820,116.35,39.929,2,-3,100,92,69817,69822,116.35,116.35,39.929,39.93
108,69826,116.35,39.93,2,-7,99,94,69823,69829,116.35,116.35,39.93,39.931
109,69832,116.35,39.931,2,-1,84,91,69830,69835,116.35,116.35,39.931,39.932
110,69838,116.35,39.932,2,-1,83,91,69836,69841,116.35,116.35,39.932,39.932
111,69844,116.35,39.933,2,-4,88,93,69842,69847,116.35,116.35,39.933,39.933
112,69850,116.35,39.934,2,-6,86,94,69848,69853,116.35,116.35,39.934,39.934
113,69856,116.35,39.935,2,-1,86,91,69854,69859,116.35,116.35,39.935,39.935
114,69864,116.35,39.936,2,3,95,88,69860,69867,116.35,116.35,39.935,39.936
115,69872,116.35,39.937,2,-5,98,93,69868,69876,116.35,116.35,39.936,39.937
116,69880,116.35,39.938,2,-3,96,92,69877,69883,116.35,116.35,39.937,39.938
117,69886,116.35,39.939,2,-1,96,91,69884,69889,116.35,116.35,39.938,39.939
118,69892,116.35,39.94,2,-2,91,91,69890,69895,116.35,116.35,39.939,39.94
119,69899,116.35,39.941,2,6,91,86,69896,69902,116.35,116.35,39.94,39.941
120,69906,116.35,39.942,2,43,93,65,69903,69910,116.35,116.35,39.941,39.942
121,69914,116.35,39.943,2,11,90,83,69911,69917,116.35,116.35,39.942,39.943
122,69920,116.35,39.944,2,2,91,89,69918,69923,116.35,116.35,39.943,39.944
123,69926,116.35,39.945,2,2,99,89,69924,69929,116.35,116.35,39.944,39.945
124,69932,116.35,39.946,2,-0,96,90,69930,69935,116.35,116.35,39.945,39.946
125,69938,116.35,39.947,2,-3,97,92,69936,69941,116.35,116.35,39.946,39.947
126,69944,116.35,39.948,2,-5,97,93,69942,69947,116.35,116.35,39.947,39.948
127,69950,116.35,39.949,2,-20,91,102,69948,69953,116.35,116.35,39.949,39.949
128,69956,116.35,39.95,2,-25,92,105,69954,69959,116.35,116.35,39.949,39.95
129,69962,116.35,39.951,2,-22,92,103,69960,69965,116.35,116.35,39.95,39.951
130,69968,116.35,39.952,2,-7,89,94,69966,69971,116.35,116.35,39.951,39.952
131,69974,116.35,39.953,2,-5,86,93,69972,69977,116.35,116.35,39.952,39.953
132,69982,116.35,39.954,2,1,99,89,69978,69987,116.35,116.35,39.953,39.954
133,69992,116.35,39.955,2,-3,100,92,69988,69996,116.35,116.35,39.954,39.955
134,70000,116.35,39.956,2,-5,91,93,69997,70004,116.35,116.35,39.955,39.956
135,70008,116.35,39.957,2,-1,91,91,70005,70012,116.35,116.35,39.956,39.957
136,70016,116.35,39.958,2,-1,89,91,70013,70019,116.35,116.35,39.957,39.958
137,70023,116.35,39.959,2,-3,90,92,70020,70026,116.35,116.35,39.958,39.959
138,70030,116.35,39.96,2,-2,93,91,70027,70034,116.35,116.35,39.959,39.96
139,70038,116.35,39.96,2,-2,100,91,70035,70042,116.35,116.35,39.96,39.961
140,70046,116.35,39.962,2,-3,97,92,70043,70049,116.35,116.35,39.961,39.962
141,70053,116.35,39.963,2,-7,92,94,70050,70056,116.35,116.35,39.962,39.963
142,70060,116.35,39.963,2,-5,92,93,70057,70063,116.35,116.35,39.963,39.964
143,70067,116.35,39.964,2,-3,97,92,70064,70070,116.35,116.35,39.964,39.965
144,70074,116.35,39.965,2,-3,88,92,70071,70077,116.35,116.35,39.965,39.966
145,70081,116.35,39.966,2,-5,91,93,70078,70084,116.35,116.35,39.966,39.967
146,70100,116.35,39.967,2,96,7,4,70086,70115,116.35,116.35,39.967,39.967
147,70125,116.35,39.967,2,-75,-44,-150,70117,70133,116.35,116.35,39.967,39.966
148,70138,116.35,39.966,2,-88,2,179,70134,70141,116.35,116.35,39.966,39.967
149,70146,116.35,39.967,2,-90,-1,-179,70142,70150,116.35,116.35,39.967,39.967
150,70156,116.35,39.966,2,-96,-2,-179,70151,70160,116.35,116.35,39.967,39.966
151,70166,116.34,39.966,2,-89,3,178,70162,70171,116.34,116.34,39.966,39.966
152,70177,116.34,39.966,2,-86,-9,-174,70173,70181,116.34,116.34,39.966,39.966
153,70187,116.34,39.966,2,-95,1,179,70183,70191,116.34,116.34,39.966,39.966
154,70195,116.34,39.966,2,-91,-2,-179,70192,70198,116.34,116.34,39.966,39.966
155,70202,116.34,39.966,2,-88,0,180,70199,70204,116.34,116.34,39.966,39.966
156,70208,116.34,39.966,2,-93,-1,-179,70205,70210,116.34,116.34,39.966,39.966
157,70214,116.34,39.966,2,-95,-0,-180,70211,70216,116.34,116.34,39.966,39.966
158,70220,116.34,39.966,2,-95,-2,-179,70217,70222,116.34,116.33,39.966,39.966
159,70226,116.33,39.966,2,-92,-1,-179,70223,70228,116.33,116.33,39.966,39.966
160,70232,116.33,39.966,2,-91,-0,-180,70229,70234,116.33,116.33,39.966,39.966
161,70238,116.33,39.966,2,-86,-1,-179,70235,70240,116.33,116.33,39.966,39.966
162,70244,116.33,39.966,2,-99,-1,-179,70241,70247,116.33,116.33,39.966,39.966
163,70251,116.33,39.966,2,-96,-1,-179,70248,70254,116.33,116.33,39.966,39.966
164,70258,116.33,39.966,2,-90,-1,-179,70255,70261,116.33,116.33,39.966,39.966
165,70266,116.33,39.966,2,-99,-2,-179,70262,70269,116.33,116.33,39.966,39.966
166,70274,116.33,39.966,2,-89,-4,-177,70270,70277,116.33,116.32,39.966,39.966
167,70282,116.32,39.966,2,-82,-4,-177,70278,70286,116.32,116.32,39.966,39.966
168,70292,116.32,39.966,2,-95,-1,-179,70288,70296,116.32,116.32,39.966,39.966
169,70301,116.32,39.966,2,-86,-0,-180,70297,70305,116.32,116.32,39.966,39.966
170,70317,116.32,39.966,2,-100,2,179,70307,70327,116.32,116.32,39.966,39.966
171,70402,116.32,39.966,2,-63,25,158,70332,70471,116.32,116.32,39.966,39.966
172,76024,116.32,39.966,2,96,0,0,75990,76058,116.32,116.32,39.966,39.966
173,76094,116.32,39.966,2,96,2,1,76063,76124,116.32,116.32,39.966,39.966
174,76161,116.32,39.967,2,96,33,19,76129,76193,116.32,116.33,39.967,39.967
175,76234,116.33,39.967,2,99,21,12,76198,76271,116.33,116.33,39.967,39.967
176,76342,116.33,39.967,2,95,-60,-32,76276,76409,116.33,116.33,39.967,39.966
177,76454,116.33,39.967,2,98,51,27,76414,76493,116.33,116.33,39.966,39.967
178,76592,116.33,39.967,2,21,72,74,76498,76686,116.33,116.33,39.967,39.968
179,77105,116.33,39.968,2,1,97,89,76691,77519,116.33,116.33,39.968,39.969
180,77590,116.33,39.969,2,-88,87,135,77524,77657,116.33,116.33,39.969,39.969
181,77707,116.33,39.97,2,-39,97,112,77662,77752,116.33,116.33,39.969,39.97
182,78233,116.33,39.971,2,-21,-9,-157,77757,78709,116.33,116.33,39.97,39.97
183,78715,116.33,39.97,2,4,-98,-88,78711,78719,116.33,116.33,39.97,39.969
184,78724,116.33,39.969,2,3,-99,-88,78720,78729,116.33,116.33,39.969,39.968
185,78734,116.33,39.968,2,2,-99,-89,78730,78739,116.33,116.33,39.968,39.967
186,78785,116.33,39.967,2,-0,-97,-90,78741,78829,116.33,116.33,39.967,39.966
187,78852,116.33,39.966,2,14,-98,-82,78831,78873,116.33,116.33,39.966,39.965
188,78882,116.33,39.965,2,9,-94,-85,78877,78886,116.33,116.33,39.965,39.964
189,78890,116.33,39.964,2,9,-95,-85,78887,78894,116.33,116.33,39.964,39.963
190,78898,116.33,39.963,2,8,-95,-85,78895,78902,116.33,116.33,39.963,39.962
191,78906,116.33,39.962,2,7,-91,-86,78903,78910,116.33,116.33,39.962,39.961
192,78916,116.33,39.961,2,5,-99,-87,78911,78921,116.33,116.33,39.961,39.96
193,78939,116.33,39.96,2,1,-89,-89,78923,78955,116.33,116.33,39.96,39.959
194,78962,116.33,39.959,2,6,-91,-86,78957,78967,116.33,116.33,39.959,39.958
195,78972,116.33,39.958,2,7,-97,-86,78968,78977,116.33,116.33,39.958,39.957
196,78991,116.33,39.957,2,-7,-94,-94,78979,79003,116.33,116.33,39.957,39.956
197,79014,116.33,39.956,2,12,-89,-82,79008,79019,116.33,116.33,39.956,39.956
198,79024,116.33,39.955,2,13,-83,-81,79020,79028,116.33,116.33,39.955,39.955
199,79046,116.33,39.954,2,17,-86,-79,79030,79063,116.33,116.33,39.955,39.954
200,79069,116.33,39.953,2,3,-88,-88,79065,79073,116.33,116.33,39.954,39.953
201,79078,116.33,39.952,2,5,-95,-87,79074,79083,116.33,116.33,39.953,39.952
202,79110,116.33,39.951,2,-77,-88,-131,79084,79135,116.33,116.33,39.952,39.951
203,79156,116.33,39.951,2,-97,-3,-178,79139,79172,116.33,116.33,39.951,39.951
204,79179,116.33,39.951,2,-87,-8,-175,79174,79184,116.33,116.33,39.951,39.951
205,79190,116.33,39.951,2,-95,-14,-172,79186,79195,116.33,116.32,39.951,39.951
206,79203,116.32,39.951,2,-90,-6,-176,79197,79209,116.32,116.32,39.951,39.951
207,79224,116.32,39.951,2,-87,-7,-175,79211,79236,116.32,116.32,39.951,39.951
208,79244,116.32,39.95,2,-84,-8,-175,79239,79248,116.32,116.32,39.951,39.95
209,79256,116.32,39.95,2,-92,-2,-179,79250,79262,116.32,116.32,39.95,39.95
210,79273,116.32,39.95,2,-87,-2,-179,79264,79282,116.32,116.32,39.95,39.95
211,79291,116.32,39.95,2,-34,-84,-112,79284,79298,116.32,116.32,39.95,39.95
212,79304,116.32,39.949,2,9,-96,-85,79300,79308,116.32,116.32,39.949,39.949
213,79313,116.32,39.948,2,14,-95,-82,79309,79317,116.32,116.32,39.948,39.948
214,79340,116.32,39.947,2,15,-93,-81,79318,79361,116.32,116.32,39.947,39.947
215,79366,116.32,39.946,2,-3,-88,-92,79363,79370,116.32,116.32,39.947,39.946
216,79375,116.32,39.945,2,14,-94,-82,79371,79379,116.32,116.32,39.946,39.945
217,79384,116.32,39.944,2,14,-97,-82,79380,79388,116.32,116.32,39.945,39.944
218,79404,116.32,39.943,2,15,-97,-81,79389,79419,116.32,116.32,39.944,39.943
219,79426,116.32,39.942,2,9,-99,-85,79421,79430,116.32,116.32,39.943,39.942
220,79436,116.32,39.941,2,6,-94,-86,79431,79440,116.32,116.32,39.942,39.941
221,79445,116.32,39.94,2,11,-97,-84,79441,79449,116.32,116.32,39.941,39.94
222,79454,116.32,39.939,2,2,-93,-89,79450,79459,116.32,116.32,39.94,39.939
223,79466,116.32,39.938,2,4,-90,-87,79460,79471,116.32,116.32,39.939,39.938
224,79484,116.32,39.938,2,91,-73,-39,79473,79494,116.32,116.32,39.938,39.937
225,79500,116.32,39.937,2,90,-9,-6,79495,79504,116.32,116.32,39.937,39.937
226,79532,116.32,39.937,2,99,-17,-10,79506,79559,116.32,116.32,39.937,39.937
227,79566,116.32,39.937,2,87,-6,-4,79561,79571,116.32,116.32,39.937,39.937
228,79578,116.32,39.937,2,95,-6,-4,79573,79582,116.32,116.33,39.937,39.937
229,79587,116.33,39.937,2,93,-4,-2,79583,79591,116.33,116.33,39.937,39.937
230,79596,116.33,39.937,2,97,-11,-6,79592,79600,116.33,116.33,39.937,39.937
231,79606,116.33,39.937,2,99,-6,-3,79601,79611,116.33,116.33,39.937,39.937
232,79625,116.33,39.937,2,98,5,3,79613,79637,116.33,116.33,39.937,39.937
233,79642,116.33,39.937,2,94,8,5,79638,79647,116.33,116.33,39.937,39.937
234,79652,116.33,39.937,2,90,3,2,79648,79657,116.33,116.33,39.937,39.937
235,79662,116.33,39.937,2,98,5,3,79658,79667,116.33,116.33,39.937,39.937
236,79672,116.33,39.937,2,92,5,3,79668,79676,116.33,116.34,39.937,39.937
237,79694,116.34,39.936,2,54,-90,-59,79678,79710,116.34,116.34,39.937,39.936
238,79729,116.34,39.936,2,58,-91,-57,79712,79746,116.34,116.34,39.936,39.935
239,79752,116.34,39.935,2,42,-91,-65,79747,79757,116.34,116.34,39.935,39.934
240,79774,116.34,39.934,2,-3,-90,-92,79759,79790,116.34,116.34,39.934,39.933
241,79798,116.34,39.933,2,-1,-91,-91,79792,79804,116.34,116.34,39.933,39.932
242,79816,116.34,39.932,2,-5,-89,-93,79806,79825,116.34,116.34,39.932,39.931
243,79838,116.34,39.931,2,12,-90,-82,79828,79848,116.34,116.34,39.931,39.93
244,79854,116.34,39.93,2,-2,-99,-91,79850,79859,116.34,116.34,39.93,39.929
245,79864,116.34,39.929,2,-1,-98,-91,79860,79869,116.34,116.34,39.929,39.928
246,79892,116.34,39.928,2,-10,-98,-96,79870,79913,116.34,116.34,39.928,39.927
247,79975,116.34,39.927,2,-92,-94,-134,79918,80032,116.34,116.34,39.927,39.927
248,80124,116.34,39.926,2,67,-47,-35,80037,80211,116.34,116.34,39.926,39.926
249,81645,116.34,39.926,2,-43,3,176,80212,83078,116.34,116.34,39.926,39.926
250,83727,116.34,39.927,2,78,-75,-44,83531,83923,116.34,116.34,39.927,39.926
251,83930,116.34,39.926,2,8,3,21,83928,83933,116.34,116.34,39.926,39.926
252,84019,116.34,39.932,2,8,50,81,84018,84020,116.34,116.34,39.932,39.932
253,84075,116.34,39.927,2,-88,-67,-143,84027,84123,116.34,116.34,39.927,39.926
254,84224,116.34,39.926,2,55,8,8,84127,84320,116.34,116.34,39.926,39.926
255,85012,116.34,39.926,2,15,27,61,84325,85699,116.34,116.34,39.926,39.927
256,85887,116.34,39.927,2,1,65,89,85704,86070,116.34,116.34,39.927,39.927
257,86284,116.34,39.927,2,71,100,55,86140,86428,116.34,116.34,39.926,39.927
258,86567,116.34,39.927,2,-85,-67,-142,86433,86701,116.34,116.34,39.927,39.927
259,86897,116.34,39.926,2,17,-26,-57,86705,87089,116.34,116.34,39.926,39.926
260,87156,116.34,39.927,2,-76,-82,-133,87116,87196,116.34,116.34,39.927,39.926
261,87276,116.34,39.926,2,43,60,54,87199,87352,116.34,116.34,39.926,39.927
262,87480,116.34,39.926,2,-12,-46,-105,87373,87588,116.34,116.34,39.927,39.926
263,87636,116.34,39.927,2,-63,-50,-142,87603,87669,116.34,116.34,39.927,39.926
264,88408,116.34,39.926,2,4,-25,-81,87672,89145,116.34,116.34,39.926,39.926
265,89182,116.32,39.919,2,1329,731,29,89178,89187,116.32,116.34,39.919,39.925
266,89190,116.34,39.926,2,98,63,33,89187,89192,116.34,116.34,39.925,39.926
267,89732,116.34,39.926,2,0,28,90,89193,90271,116.34,116.34,39.926,39.926
268,90876,116.34,39.926,2,97,33,19,90276,91477,116.34,116.34,39.926,39.926
269,91490,116.34,39.927,2,-28,16,150,91481,91499,116.34,116.34,39.927,39.927
270,91678,116.35,39.912,2,3e-05,-0.000402,-86,91676,91680,116.35,116.35,39.913,39.912
1,32528,116.34,39.927,3,-99,-110,-132,32525,32530,116.34,116.34,39.927,39.926
2,32726,116.34,39.926,3,31,10,18,32530,32922,116.34,116.34,39.926,39.926
3,38483,116.34,39.924,3,-15,74,101,38478,38488,116.34,116.34,39.924,39.925
4,38493,116.34,39.926,3,-71,99,126,38489,38497,116.34,116.34,39.926,39.926
5,38556,116.34,39.927,3,-81,18,167,38502,38611,116.34,116.34,39.927,39.927
6,38644,116.33,39.927,3,-91,-14,-171,38613,38675,116.34,116.33,39.927,39.927
7,38748,116.33,39.926,3,-83,-93,-132,38677,38820,116.33,116.33,39.927,39.926
8,39050,116.33,39.926,3,13,51,76,38825,39275,116.33,116.33,39.926,39.926
9,39733,116.33,39.927,3,19,81,77,39280,40186,116.33,116.33,39.926,39.927
10,40473,116.33,39.927,3,-33,-23,-145,40319,40627,116.33,116.33,39.927,39.927
11,44768,116.34,39.927,3,90,-27,-17,44724,44812,116.34,116.34,39.927,39.926
12,45094,116.34,39.926,3,-5,-30,-99,44814,45373,116.34,116.34,39.926,39.926
13,55520,116.34,39.926,3,-99,-2,-179,54455,56584,116.34,116.34,39.926,39.926
14,56946,116.34,39.926,3,-42,-14,-162,56589,57303,116.34,116.34,39.926,39.926
15,57342,116.34,39.926,3,75,10,8,57308,57375,116.34,116.34,39.926,39.926
16,57417,116.33,39.926,3,250,-13,-3,57415,57419,116.33,116.34,39.926,39.926
17,57484,116.34,39.926,3,-99,-12,-173,57419,57549,116.34,116.34,39.926,39.926
18,57644,116.34,39.926,3,-54,3,177,57551,57738,116.34,116.34,39.926,39.926
19,57784,116.34,39.926,3,48,1,1,57768,57799,116.34,116.34,39.926,39.926
20,57855,116.33,39.926,3,-70,-15,-168,57841,57869,116.34,116.33,39.926,39.926
21,57884,116.33,39.926,3,-94,8,175,57870,57899,116.33,116.33,39.926,39.926
22,57908,116.33,39.926,3,32,7,12,57901,57914,116.33,116.33,39.926,39.926
23,57954,116.34,39.926,3,89,-21,-13,57917,57990,116.34,116.34,39.926,39.926
24,58081,116.34,39.926,3,-22,7,162,57992,58170,116.34,116.34,39.926,39.926
25,58186,116.34,39.926,3,-99,-6,-177,58174,58198,116.34,116.33,39.926,39.926
26,58226,116.34,39.926,3,76,-3,-2,58202,58250,116.33,116.34,39.926,39.926
27,58296,116.34,39.926,3,-3,16,101,58253,58340,116.34,116.34,39.926,39.926
28,58586,116.33,39.927,3,605,-137,-13,58582,58590,116.33,116.34,39.927,39.926
29,58604,116.34,39.926,3,94,-17,-10,58590,58619,116.34,116.34,39.926,39.926
30,58632,116.34,39.926,3,87,-17,-11,58620,58643,116.34,116.34,39.926,39.926
31,58700,116.34,39.926,3,-7,-22,-108,58645,58754,116.34,116.34,39.926,39.926
32,58894,116.34,39.93,3,-340,-386,-131,58880,58909,116.34,116.34,39.93,39.927
33,58919,116.34,39.927,3,-75,33,156,58909,58929,116.34,116.34,39.927,39.927
34,59001,116.34,39.927,3,-33,-34,-134,58933,59069,116.34,116.34,39.927,39.926
35,59079,116.34,39.926,3,-14,-31,-114,59071,59087,116.34,116.34,39.926,39.926
36,59128,116.34,39.926,3,-17,98,100,59088,59167,116.34,116.34,39.926,39.927
37,59212,116.34,39.927,3,-26,58,114,59170,59254,116.34,116.34,39.927,39.927
38,59264,116.34,39.928,3,9,90,84,59256,59272,116.34,116.34,39.928,39.928
39,59286,116.34,39.929,3,-9,82,96,59274,59299,116.34,116.34,39.928,39.929
40,59312,116.34,39.93,3,-20,91,102,59300,59324,116.34,116.34,39.929,39.93
41,59334,116.34,39.931,3,2,100,89,59327,59341,116.34,116.34,39.93,39.931
42,59358,116.34,39.932,3,4,96,88,59343,59373,116.34,116.34,39.931,39.932
43,59381,116.34,39.933,3,-1,84,91,59376,59386,116.34,116.34,39.932,39.933
44,59393,116.34,39.934,3,8,87,85,59388,59398,116.34,116.34,39.933,39.934
45,59418,116.34,39.935,3,-10,100,96,59400,59437,116.34,116.34,39.934,39.935
46,59514,116.34,39.935,3,-2,95,91,59442,59586,116.34,116.34,39.935,39.936
47,59615,116.34,39.936,3,87,-4,-3,59591,59639,116.34,116.34,39.936,39.936
48,59726,116.34,39.937,3,4,72,87,59722,59729,116.34,116.34,39.937,39.938
49,59738,116.34,39.938,3,93,-4,-2,59731,59745,116.34,116.34,39.938,39.938
50,59754,116.34,39.938,3,98,33,19,59747,59760,116.34,116.34,39.938,39.938
51,59770,116.34,39.938,3,95,30,18,59762,59779,116.34,116.34,39.938,39.938
52,59828,116.34,39.938,3,70,49,35,59782,59875,116.34,116.34,39.938,39.939
53,59895,116.35,39.939,3,99,-2,-1,59877,59913,116.34,116.35,39.939,39.939
54,59942,116.35,39.939,3,-31,91,109,59918,59967,116.35,116.35,39.939,39.94
55,60025,116.35,39.94,3,4,91,87,59969,60081,116.35,116.35,39.94,39.941
56,60090,116.35,39.941,3,-8,94,95,60083,60097,116.35,116.35,39.941,39.941
57,60106,116.35,39.942,3,-38,95,112,60099,60113,116.35,116.35,39.942,39.942
58,60140,116.34,39.942,3,-89,-33,-160,60115,60166,116.34,116.34,39.943,39.942
59,60175,116.34,39.943,3,-95,94,135,60168,60182,116.34,116.34,39.942,39.943
60,60202,116.34,39.943,3,-97,52,152,60184,60219,116.34,116.34,39.943,39.944
61,60227,116.34,39.944,3,-96,42,156,60221,60233,116.34,116.34,39.944,39.944
62,60240,116.34,39.944,3,-90,28,163,60235,60244,116.34,116.34,39.944,39.944
63,60252,116.34,39.945,3,-91,43,155,60246,60258,116.34,116.34,39.944,39.945
64,60284,116.34,39.945,3,-93,78,140,60260,60309,116.34,116.34,39.945,39.946
65,60320,116.34,39.946,3,-55,95,120,60311,60330,116.34,116.34,39.946,39.947
66,60346,116.33,39.947,3,-79,18,167,60332,60359,116.34,116.33,39.947,39.947
67,60384,116.33,39.948,3,-63,100,122,60380,60389,116.33,116.33,39.948,39.949
68,60436,116.33,39.949,3,-71,92,128,60391,60481,116.33,116.33,39.949,39.95
69,60511,116.33,39.95,3,-35,90,111,60484,60538,116.33,116.33,39.95,39.951
70,60552,116.33,39.951,3,-95,16,170,60541,60564,116.33,116.33,39.951,39.951
71,60575,116.33,39.951,3,-93,6,176,60567,60583,116.33,116.33,39.951,39.951
72,60608,116.33,39.951,3,-95,18,169,60585,60632,116.33,116.33,39.951,39.951
73,60645,116.33,39.951,3,-93,-32,-161,60637,60653,116.33,116.33,39.951,39.951
74,60660,116.32,39.951,3,-99,12,173,60655,60665,116.32,116.32,39.951,39.951
75,60670,116.32,39.951,3,-98,-2,-179,60666,60675,116.32,116.32,39.951,39.951
76,60682,116.32,39.951,3,-94,1,179,60677,60687,116.32,116.32,39.951,39.951
77,60709,116.32,39.951,3,-89,1,179,60689,60729,116.32,116.32,39.951,39.951
78,60740,116.32,39.951,3,-91,-26,-164,60732,60747,116.32,116.32,39.951,39.951
79,60758,116.32,39.951,3,-57,98,120,60748,60767,116.32,116.32,39.951,39.952
80,60778,116.32,39.952,3,-82,33,158,60769,60788,116.32,116.32,39.952,39.952
81,60790,116.32,39.953,3,-71,67,137,60789,60792,116.32,116.32,39.952,39.953
82,60812,116.31,39.956,3,76,-79,-46,60810,60815,116.31,116.32,39.956,39.955
83,60833,116.32,39.956,3,91,-7,-4,60816,60850,116.32,116.32,39.955,39.955
84,60861,116.32,39.956,3,-10,91,96,60853,60869,116.32,116.32,39.955,39.956
85,60876,116.32,39.956,3,-2,81,91,60871,60880,116.32,116.32,39.956,39.957
86,60888,116.32,39.957,3,0,97,90,60882,60893,116.32,116.32,39.957,39.958
87,60900,116.32,39.958,3,7,75,85,60895,60904,116.32,116.32,39.958,39.959
88,60968,116.32,39.96,3,35,81,67,60959,60976,116.32,116.32,39.96,39.961
89,60988,116.32,39.961,3,24,94,76,60977,61000,116.32,116.32,39.961,39.962
90,61010,116.32,39.962,3,-26,93,106,61003,61016,116.32,116.32,39.962,39.963
91,61042,116.32,39.963,3,-27,97,106,61018,61066,116.32,116.32,39.963,39.964
92,61070,116.32,39.964,3,-26,60,113,61068,61071,116.32,116.32,39.964,39.964
93,61085,116.31,39.966,3,-42,89,115,61075,61095,116.32,116.31,39.965,39.966
94,61117,116.31,39.965,3,-93,-56,-149,61113,61121,116.31,116.31,39.965,39.965
95,61152,116.31,39.965,3,-92,-87,-137,61122,61183,116.31,116.31,39.965,39.964
96,61190,116.31,39.964,3,-99,-20,-169,61184,61195,116.31,116.31,39.964,39.964
97,61202,116.31,39.964,3,-84,-37,-156,61197,61207,116.31,116.31,39.964,39.964
98,61234,116.31,39.963,3,-96,-28,-164,61209,61258,116.31,116.31,39.964,39.963
99,61276,116.31,39.963,3,-87,-59,-146,61263,61288,116.31,116.31,39.963,39.963
100,61376,116.31,39.963,3,-407,101,166,61290,61463,116.31,116.3,39.963,39.963
101,61494,116.3,39.964,3,-44,84,118,61463,61526,116.3,116.3,39.963,39.964
102,61534,116.3,39.965,3,-9,100,95,61528,61539,116.3,116.3,39.964,39.965
103,61545,116.3,39.966,3,8,99,85,61540,61550,116.3,116.3,39.965,39.966
104,61554,116.3,39.967,3,-1,92,91,61551,61558,116.3,116.3,39.966,39.967
105,61562,116.3,39.968,3,-2,91,91,61559,61566,116.3,116.3,39.967,39.968
106,61573,116.3,39.969,3,-26,96,105,61567,61579,116.3,116.3,39.968,39.969
107,61608,116.3,39.97,3,1,86,89,61583,61634,116.3,116.3,39.969,39.97
108,61674,116.3,39.971,3,-24,87,105,61636,61711,116.3,116.3,39.97,39.971
109,61718,116.3,39.971,3,-2,97,91,61713,61724,116.3,116.3,39.971,39.972
110,61730,116.3,39.972,3,5,88,87,61725,61735,116.3,116.3,39.972,39.973
111,61746,116.3,39.973,3,-15,93,99,61737,61755,116.3,116.3,39.973,39.974
112,61765,116.3,39.974,3,-29,93,107,61758,61772,116.3,116.3,39.974,39.975
113,61790,116.3,39.975,3,17,-86,-79,61775,61805,116.3,116.3,39.975,39.974
114,61828,116.3,39.974,3,33,85,69,61810,61846,116.3,116.3,39.974,39.975
115,61854,116.3,39.975,3,-12,87,98,61848,61860,116.3,116.3,39.975,39.976
116,61863,116.3,39.976,3,-2,16,97,61862,61864,116.3,116.3,39.976,39.976
117,61906,116.3,39.978,3,-28,36,128,61895,61917,116.3,116.3,39.978,39.978
118,61976,116.3,39.979,3,75,90,50,61922,62029,116.3,116.3,39.979,39.98
119,62049,116.3,39.98,3,-33,96,109,62034,62064,116.3,116.3,39.98,39.981
120,62102,116.3,39.981,3,1,98,89,62069,62136,116.3,116.3,39.981,39.982
121,62190,116.3,39.982,3,-6,98,94,62140,62240,116.3,116.3,39.982,39.983
122,62260,116.3,39.983,3,22,95,77,62244,62275,116.3,116.3,39.983,39.983
123,62458,116.3,39.984,3,39,35,42,62279,62637,116.3,116.3,39.984,39.984
124,62760,116.3,39.983,3,-79,-30,-159,62639,62882,116.3,116.3,39.983,39.983
125,62909,116.3,39.983,3,-19,-25,-127,62887,62931,116.3,116.3,39.983,39.983
126,70568,116.3,39.978,3,95,16,10,70530,70607,116.3,116.3,39.978,39.978
127,70638,116.3,39.978,3,88,-81,-43,70612,70665,116.3,116.3,39.978,39.977
128,70708,116.3,39.977,3,90,68,37,70666,70750,116.3,116.31,39.977,39.978
129,70816,116.31,39.978,3,93,-8,-5,70753,70879,116.31,116.31,39.978,39.978
130,70920,116.31,39.978,3,95,-27,-16,70884,70955,116.31,116.31,39.978,39.978
131,71007,116.31,39.978,3,97,10,6,70960,71054,116.31,116.31,39.978,39.978
132,71144,116.31,39.978,3,23,76,73,71059,71229,116.31,116.31,39.978,39.978
133,71264,116.31,39.979,3,6,14,67,71234,71293,116.31,116.31,39.978,39.979
134,73909,116.31,39.977,3,86,-67,-38,73806,74012,116.31,116.31,39.978,39.977
135,74041,116.31,39.976,3,-1,-84,-91,74014,74068,116.31,116.31,39.977,39.976
136,74129,116.31,39.975,3,30,-98,-73,74072,74186,116.31,116.31,39.976,39.975
137,74198,116.31,39.974,3,24,-93,-76,74191,74206,116.31,116.31,39.975,39.974
138,74214,116.31,39.974,3,26,-90,-74,74208,74219,116.31,116.31,39.974,39.973
139,74240,116.31,39.973,3,51,-99,-63,74221,74259,116.31,116.31,39.973,39.972
140,74267,116.31,39.972,3,31,-95,-72,74262,74272,116.31,116.31,39.972,39.971
141,74277,116.31,39.971,3,17,-81,-78,74273,74281,116.31,116.31,39.971,39.97
142,74304,116.31,39.97,3,40,-95,-67,74283,74326,116.31,116.31,39.97,39.969
143,74337,116.31,39.969,3,33,-89,-70,74330,74344,116.31,116.31,39.969,39.968
144,74350,116.31,39.968,3,12,-88,-82,74346,74354,116.31,116.31,39.968,39.967
145,74398,116.31,39.967,3,33,-92,-70,74356,74440,116.31,116.31,39.967,39.966
146,74447,116.31,39.966,3,33,-92,-70,74442,74452,116.31,116.32,39.966,39.965
147,74456,116.32,39.965,3,15,-92,-81,74453,74460,116.32,116.32,39.965,39.964
148,74464,116.32,39.964,3,24,-91,-75,74461,74468,116.32,116.32,39.964,39.964
149,74474,116.32,39.963,3,21,-87,-76,74469,74478,116.32,116.32,39.963,39.963
150,74484,116.32,39.962,3,18,-92,-79,74480,74489,116.32,116.32,39.962,39.962
151,74494,116.32,39.961,3,12,-98,-83,74490,74499,116.32,116.32,39.962,39.961
152,74506,116.32,39.96,3,12,-98,-83,74500,74512,116.32,116.32,39.961,39.96
153,74535,116.32,39.959,3,36,-87,-68,74515,74555,116.32,116.32,39.96,39.959
154,74562,116.32,39.958,3,-6,-99,-93,74557,74567,116.32,116.32,39.959,39.958
155,74573,116.32,39.957,3,10,-93,-84,74568,74578,116.32,116.32,39.958,39.957
156,74594,116.32,39.956,3,3,-95,-88,74580,74607,116.32,116.32,39.957,39.956
157,74614,116.32,39.955,3,16,-92,-80,74609,74618,116.32,116.32,39.956,39.955
158,74622,116.32,39.954,3,12,-92,-83,74619,74625,116.32,116.32,39.955,39.954
159,74630,116.32,39.953,3,10,-98,-84,74626,74633,116.32,116.32,39.954,39.953
160,74638,116.32,39.952,3,6,-97,-86,74634,74642,116.32,116.32,39.953,39.952
161,74677,116.32,39.951,3,2,-99,-89,74644,74710,116.32,116.32,39.952,39.951
162,74719,116.32,39.95,3,21,-97,-78,74712,74726,116.32,116.32,39.951,39.95
163,74733,116.32,39.949,3,12,-99,-83,74728,74738,116.32,116.32,39.95,39.949
164,74749,116.32,39.948,3,5,-91,-87,74739,74759,116.32,116.32,39.949,39.948
165,74790,116.32,39.947,3,34,-90,-69,74762,74818,116.32,116.32,39.948,39.947
166,74826,116.32,39.946,3,-3,-92,-92,74820,74831,116.32,116.32,39.947,39.946
167,74838,116.32,39.945,3,3,-95,-88,74833,74842,116.32,116.32,39.946,39.945
168,74848,116.32,39.944,3,9,-100,-85,74843,74852,116.32,116.32,39.945,39.944
169,74861,116.32,39.943,3,11,-95,-83,74853,74869,116.32,116.32,39.944,39.943
170,74888,116.32,39.943,3,7,-91,-86,74874,74902,116.32,116.32,39.943,39.942
171,74907,116.32,39.942,3,14,-89,-81,74903,74911,116.32,116.32,39.942,39.941
172,74916,116.32,39.941,3,6,-96,-86,74912,74919,116.32,116.32,39.941,39.94
173,74924,116.32,39.94,3,7,-90,-86,74920,74927,116.32,116.32,39.94,39.939
174,74932,116.32,39.939,3,-0,-98,-90,74928,74936,116.32,116.32,39.939,39.938
175,74942,116.32,39.938,3,8,-88,-85,74937,74946,116.32,116.32,39.938,39.937
176,74952,116.32,39.937,3,2,-91,-89,74948,74957,116.32,116.32,39.937,39.936
177,74962,116.32,39.936,3,-1,-94,-91,74958,74967,116.32,116.32,39.936,39.935
178,74985,116.32,39.935,3,-5,-94,-93,74968,75002,116.32,116.32,39.935,39.935
179,75040,116.32,39.934,3,-0,-91,-90,75004,75077,116.32,116.32,39.934,39.934
180,75084,116.32,39.933,3,-0,-91,-90,75079,75089,116.32,116.32,39.933,39.933
181,75096,116.32,39.932,3,-6,-99,-93,75090,75102,116.32,116.32,39.933,39.932
182,75126,116.32,39.931,3,100,-94,-43,75104,75149,116.32,116.32,39.932,39.931
183,75164,116.32,39.931,3,88,-14,-9,75151,75178,116.32,116.32,39.931,39.931
184,75184,116.32,39.931,3,97,-9,-5,75180,75189,116.32,116.32,39.931,39.931
185,75194,116.32,39.931,3,91,36,22,75190,75197,116.32,116.32,39.931,39.931
186,75202,116.32,39.931,3,92,19,12,75198,75205,116.32,116.33,39.931,39.931
187,75211,116.33,39.931,3,97,3,2,75206,75216,116.33,116.33,39.931,39.931
188,75247,116.33,39.931,3,68,-84,-51,75218,75276,116.33,116.33,39.931,39.93
189,75282,116.33,39.93,3,9,-92,-84,75278,75287,116.33,116.33,39.93,39.929
190,75292,116.33,39.929,3,8,-96,-85,75288,75297,116.33,116.33,39.929,39.928
191,75302,116.33,39.928,3,3,-91,-88,75298,75307,116.33,116.33,39.928,39.927
192,75315,116.33,39.927,3,12,-90,-82,75309,75321,116.33,116.33,39.927,39.926
193,75431,116.33,39.926,3,49,58,50,75323,75539,116.33,116.33,39.926,39.927
194,75553,116.33,39.927,3,95,46,26,75540,75566,116.33,116.33,39.926,39.927
195,75608,116.33,39.927,3,98,9,5,75571,75646,116.33,116.33,39.927,39.927
196,75684,116.33,39.927,3,98,20,12,75651,75718,116.33,116.33,39.927,39.927
197,75749,116.33,39.927,3,21,-90,-77,75723,75775,116.33,116.33,39.927,39.926
198,75850,116.33,39.926,3,70,-100,-55,75778,75922,116.33,116.33,39.926,39.925
199,75958,116.33,39.925,3,99,45,24,75927,75988,116.33,116.34,39.925,39.926
200,76068,116.34,39.926,3,59,96,58,75992,76145,116.34,116.34,39.926,39.927
201,76198,116.34,39.927,3,82,-36,-24,76149,76246,116.34,116.34,39.927,39.926
202,76523,116.34,39.926,3,-18,3,171,76522,76524,116.34,116.34,39.926,39.926
203,78814,116.34,39.926,3,90,34,21,78803,78826,116.34,116.34,39.926,39.926
204,79764,116.34,39.926,3,93,32,19,78832,80697,116.34,116.34,39.926,39.926
205,81492,116.34,39.926,3,-1,-71,-91,80702,82282,116.34,116.34,39.926,39.926
206,82406,116.34,39.926,3,83,-60,-36,82399,82413,116.34,116.34,39.926,39.925
207,82420,116.34,39.925,3,-8.6e-05,-0.00044,-101,82415,82426,116.34,116.34,39.925,39.925
1,38560,116.34,39.926,4,4,54,86,38512,38608,116.34,116.34,39.926,39.927
2,38702,116.34,39.927,4,88,86,44,38613,38792,116.34,116.34,39.927,39.928
3,38800,116.34,39.928,4,21,85,76,38796,38805,116.34,116.34,39.928,39.929
4,38828,116.34,39.929,4,30,96,73,38807,38850,116.34,116.34,39.929,39.93
5,38862,116.34,39.93,4,-6,99,93,38854,38870,116.34,116.34,39.93,39.931
6,38878,116.34,39.931,4,5,94,87,38872,38883,116.34,116.34,39.931,39.932
7,38905,116.34,39.932,4,8,97,85,38885,38925,116.34,116.34,39.932,39.933
8,38930,116.34,39.933,4,7,94,86,38926,38935,116.34,116.34,39.933,39.934
9,38940,116.34,39.934,4,1,90,89,38936,38943,116.34,116.34,39.934,39.934
10,38950,116.34,39.935,4,-4,99,92,38944,38956,116.34,116.34,39.935,39.935
11,39000,116.34,39.936,4,3,93,88,38958,39043,116.34,116.34,39.936,39.936
12,39076,116.34,39.937,4,15,94,81,39048,39103,116.34,116.34,39.936,39.937
13,39210,116.34,39.937,4,-67,-43,-147,39108,39311,116.34,116.34,39.937,39.937
14,39370,116.34,39.937,4,30,-98,-73,39316,39425,116.34,116.34,39.937,39.936
15,39528,116.34,39.936,4,-71,-98,-126,39430,39626,116.34,116.34,39.936,39.935
16,39633,116.34,39.935,4,22,-94,-77,39628,39638,116.34,116.34,39.935,39.934
17,39646,116.34,39.934,4,16,-95,-80,39639,39653,116.34,116.34,39.934,39.933
18,39661,116.34,39.933,4,-9,-98,-95,39655,39667,116.34,116.34,39.933,39.932
19,39678,116.34,39.932,4,14,-95,-82,39668,39689,116.34,116.34,39.932,39.931
20,39699,116.34,39.931,4,11,-98,-84,39691,39707,116.34,116.34,39.931,39.93
21,39712,116.34,39.93,4,3,-97,-88,39708,39716,116.34,116.34,39.93,39.929
22,39721,116.34,39.929,4,1,-93,-89,39717,39725,116.34,116.34,39.929,39.928
23,39742,116.34,39.928,4,2,-94,-89,39726,39757,116.34,116.34,39.928,39.927
24,39768,116.34,39.927,4,2,-96,-89,39762,39775,116.34,116.34,39.927,39.926
25,39781,116.34,39.926,4,4,-95,-88,39777,39785,116.34,116.34,39.926,39.925
26,39790,116.34,39.925,4,4,-99,-88,39786,39793,116.34,116.34,39.925,39.924
27,39798,116.34,39.924,4,-0,-98,-90,39794,39803,116.34,116.34,39.924,39.923
28,39808,116.34,39.923,4,18,-88,-78,39804,39812,116.34,116.34,39.923,39.923
29,39862,116.34,39.922,4,95,-77,-39,39814,39910,116.34,116.34,39.922,39.922
30,39922,116.34,39.922,4,94,11,7,39912,39933,116.34,116.34,39.922,39.922
31,39939,116.34,39.922,4,97,-10,-6,39935,39943,116.34,116.34,39.922,39.922
32,39948,116.34,39.922,4,98,-18,-10,39944,39951,116.34,116.34,39.922,39.921
33,39956,116.34,39.921,4,95,-23,-14,39952,39959,116.34,116.34,39.921,39.921
34,39969,116.35,39.921,4,89,28,17,39960,39978,116.34,116.35,39.921,39.921
35,39985,116.35,39.922,4,83,51,32,39980,39990,116.35,116.35,39.922,39.922
36,40096,116.35,39.922,4,-24,-99,-104,39992,40199,116.35,116.35,39.922,39.921
37,40270,116.35,39.921,4,52,-5,-5,40204,40336,116.35,116.35,39.921,39.921
38,40354,116.35,39.923,4,-6,-8,-127,40353,40354,116.35,116.35,39.923,39.923
39,42414,116.21,39.906,4,80,9,6,42380,42449,116.21,116.21,39.906,39.906
40,42651,116.21,39.906,4,-24,-26,-133,42454,42848,116.21,116.21,39.906,39.906
41,43318,116.21,39.906,4,85,12,8,42853,43782,116.21,116.21,39.906,39.906
42,43788,116.21,39.906,4,85,-7,-5,43784,43793,116.21,116.21,39.906,39.906
43,43799,116.21,39.906,4,83,-7,-5,43795,43803,116.21,116.21,39.906,39.906
44,43810,116.21,39.906,4,97,-11,-6,43805,43814,116.21,116.21,39.906,39.906
45,43820,116.21,39.906,4,96,16,9,43815,43824,116.21,116.21,39.906,39.906
46,43834,116.21,39.906,4,97,16,9,43825,43844,116.21,116.21,39.906,39.906
47,43864,116.21,39.906,4,67,-98,-56,43848,43881,116.21,116.22,39.906,39.905
48,43888,116.22,39.905,4,25,-85,-74,43883,43893,116.22,116.22,39.905,39.904
49,43926,116.22,39.904,4,2,-99,-89,43895,43956,116.22,116.22,39.904,39.903
50,43991,116.22,39.903,4,-15,-97,-99,43958,44024,116.22,116.22,39.903,39.902
51,44034,116.22,39.902,4,-8,-99,-95,44027,44041,116.22,116.22,39.902,39.901
52,44050,116.22,39.901,4,-6,-95,-94,44043,44057,116.22,116.22,39.901,39.9
53,44070,116.21,39.9,4,-90,-29,-162,44059,44080,116.22,116.21,39.9,39.9
54,44103,116.21,39.9,4,-96,-51,-152,44082,44124,116.21,116.21,39.9,39.9
55,44134,116.21,39.899,4,-99,-89,-138,44126,44142,116.21,116.21,39.899,39.899
56,44162,116.21,39.898,4,-94,-96,-134,44144,44179,116.21,116.21,39.899,39.898
57,44241,116.21,39.897,4,-93,-60,-147,44184,44298,116.21,116.21,39.898,39.897
58,44378,116.21,39.897,4,-80,7,175,44303,44452,116.21,116.21,39.897,39.897
59,44822,116.21,39.909,4,-1,-1350,-90,44817,44826,116.21,116.21,39.909,39.897
60,44862,116.21,39.897,4,25,-55,-66,44826,44899,116.21,116.21,39.897,39.897
61,44927,116.21,39.896,4,4,-90,-87,44904,44950,116.21,116.21,39.897,39.896
62,44956,116.21,39.896,4,-0,-46,-90,44952,44960,116.21,116.21,39.896,39.895
63,45076,116.21,39.897,4,-17,-98,-100,44967,45184,116.21,116.21,39.897,39.896
64,45208,116.21,39.896,4,-6,-93,-94,45189,45227,116.21,116.21,39.896,39.895
65,45254,116.21,39.895,4,-6,68,95,45231,45276,116.21,116.21,39.895,39.896
66,45345,116.21,39.896,4,2,-56,-88,45280,45410,116.21,116.21,39.896,39.896
67,45417,116.21,39.896,4,-3,99,92,45413,45421,116.21,116.21,39.895,39.896
68,45520,116.21,39.896,4,5,-70,-86,45426,45614,116.21,116.21,39.896,39.896
69,45625,116.21,39.895,4,5,-100,-87,45616,45634,116.21,116.21,39.896,39.895
70,45645,116.21,39.894,4,11,-92,-83,45635,45655,116.21,116.21,39.895,39.894
71,45662,116.21,39.894,4,5,-4,-39,45657,45666,116.21,116.21,39.894,39.894
72,45670,116.21,39.895,4,-1,66,91,45670,45671,116.21,116.21,39.895,39.896
73,45719,116.21,39.896,4,6,98,86,45672,45766,116.21,116.21,39.896,39.897
74,46072,116.21,39.897,4,-13,56,103,45771,46374,116.21,116.21,39.897,39.897
75,46644,116.21,39.897,4,-3,-31,-96,46379,46909,116.21,116.21,39.897,39.897
76,47216,116.21,39.897,4,9,-17,-62,46915,47516,116.21,116.21,39.897,39.897
77,47638,116.21,39.896,4,-7,-10,-125,47519,47758,116.21,116.21,39.896,39.896
78,47938,116.21,39.898,4,39,93,67,47848,48029,116.21,116.21,39.897,39.898
79,48088,116.21,39.898,4,-56,98,120,48034,48141,116.21,116.21,39.898,39.899
80,48188,116.21,39.899,4,14,95,82,48146,48231,116.21,116.21,39.899,39.9
81,48291,116.21,39.9,4,-17,97,100,48236,48346,116.21,116.21,39.9,39.901
82,48390,116.21,39.901,4,12,99,83,48351,48429,116.21,116.21,39.901,39.902
83,48484,116.21,39.902,4,7,94,86,48434,48534,116.21,116.21,39.902,39.903
84,48588,116.21,39.903,4,92,14,9,48539,48638,116.21,116.21,39.903,39.903
85,48684,116.21,39.903,4,96,5,3,48641,48728,116.21,116.21,39.903,39.903
86,48884,116.21,39.903,4,-26,0,180,48733,49036,116.21,116.21,39.903,39.903
87,49041,116.21,39.903,4,-97,-1,-179,49037,49045,116.21,116.21,39.903,39.903
88,49080,116.21,39.903,4,-98,-4,-178,49046,49115,116.21,116.21,39.903,39.903
89,49122,116.21,39.903,4,-95,-7,-176,49117,49126,116.21,116.21,39.903,39.903
90,49132,116.21,39.903,4,-97,-4,-178,49127,49138,116.21,116.21,39.903,39.903
91,49151,116.2,39.903,4,-46,91,117,49140,49162,116.21,116.2,39.903,39.903
92,49168,116.2,39.904,4,-4,93,92,49164,49173,116.2,116.2,39.904,39.904
93,49179,116.2,39.905,4,-10,97,96,49174,49184,116.2,116.2,39.905,39.905
94,49224,116.2,39.906,4,-82,74,138,49186,49262,116.2,116.2,39.906,39.906
95,49268,116.2,39.906,4,-99,-2,-179,49264,49273,116.2,116.2,39.906,39.906
96,49288,116.2,39.906,4,-96,-6,-176,49274,49301,116.2,116.2,39.906,39.906
97,49306,116.2,39.906,4,-92,0,180,49303,49310,116.2,116.2,39.906,39.906
98,49314,116.2,39.906,4,-89,-1,-179,49311,49317,116.2,116.2,39.906,39.906
99,49322,116.2,39.906,4,-92,4,178,49318,49325,116.2,116.2,39.906,39.906
100,49330,116.2,39.906,4,-99,-5,-177,49326,49335,116.2,116.2,39.906,39.906
101,49340,116.19,39.906,4,-96,0,180,49336,49344,116.2,116.19,39.906,39.906
102,49350,116.19,39.906,4,-88,-2,-179,49345,49354,116.19,116.19,39.906,39.906
103,49386,116.19,39.906,4,-68,5,176,49356,49417,116.19,116.19,39.906,39.906
104,49436,116.19,39.906,4,-92,-12,-173,49419,49452,116.19,116.19,39.906,39.906
105,49458,116.19,39.906,4,-89,-7,-176,49454,49462,116.19,116.19,39.906,39.906
106,49466,116.19,39.906,4,-90,11,173,49463,49470,116.19,116.19,39.906,39.906
107,49476,116.19,39.906,4,-91,-4,-177,49471,49481,116.19,116.19,39.906,39.906
108,49486,116.19,39.906,4,-99,2,179,49482,49490,116.19,116.19,39.906,39.906
109,49498,116.19,39.906,4,-95,1,179,49491,49505,116.19,116.18,39.906,39.906
110,49547,116.18,39.906,4,-92,17,170,49508,49586,116.18,116.18,39.906,39.906
111,49594,116.18,39.906,4,-89,-10,-174,49588,49600,116.18,116.18,39.906,39.906
112,49606,116.18,39.906,4,-90,-6,-176,49602,49611,116.18,116.18,39.906,39.906
113,49620,116.18,39.906,4,-66,82,129,49612,49629,116.18,116.18,39.906,39.907
114,49636,116.18,39.907,4,-0,96,90,49631,49640,116.18,116.18,39.907,39.908
115,49646,116.18,39.908,4,10,100,84,49641,49650,116.18,116.18,39.908,39.909
116,49656,116.18,39.909,4,12,98,83,49651,49662,116.18,116.18,39.909,39.91
117,49684,116.18,39.91,4,-5,99,93,49664,49705,116.18,116.18,39.91,39.911
118,49716,116.18,39.911,4,3,93,88,49710,49722,116.18,116.18,39.911,39.912
119,49730,116.18,39.912,4,-20,98,102,49724,49735,116.18,116.18,39.912,39.913
120,49752,116.18,39.913,4,3,91,88,49737,49767,116.18,116.18,39.913,39.914
121,49775,116.18,39.914,4,3,99,88,49769,49781,116.18,116.18,39.914,39.915
122,49800,116.18,39.915,4,-5,86,93,49786,49814,116.18,116.18,39.915,39.916
123,49820,116.18,39.916,4,-4,89,93,49816,49824,116.18,116.18,39.916,39.917
124,49831,116.18,39.917,4,0,94,90,49826,49836,116.18,116.18,39.917,39.918
125,49842,116.18,39.918,4,2,92,89,49837,49846,116.18,116.18,39.918,39.919
126,49851,116.18,39.919,4,1,85,89,49847,49855,116.18,116.18,39.919,39.919
127,49862,116.18,39.92,4,-0,85,90,49857,49867,116.18,116.18,39.92,39.92
128,49884,116.18,39.921,4,0,89,90,49869,49899,116.18,116.18,39.921,39.921
129,49906,116.18,39.922,4,2,82,89,49901,49910,116.18,116.18,39.921,39.922
130,49930,116.18,39.923,4,7,88,85,49912,49948,116.18,116.18,39.922,39.923
131,49958,116.18,39.924,4,-4,99,92,49950,49966,116.18,116.18,39.923,39.924
132,49972,116.18,39.925,4,-30,98,107,49967,49976,116.18,116.18,39.924,39.925
133,50010,116.18,39.926,4,-33,99,108,49977,50043,116.18,116.18,39.925,39.926
134,50062,116.18,39.927,4,-27,98,105,50045,50080,116.18,116.18,39.926,39.927
135,50114,116.18,39.928,4,-38,95,112,50085,50142,116.18,116.18,39.927,39.928
136,50154,116.18,39.929,4,-27,94,106,50145,50163,116.18,116.18,39.928,39.929
137,50194,116.18,39.93,4,-51,94,118,50165,50224,116.18,116.18,39.929,39.93
138,50234,116.18,39.931,4,-26,98,105,50227,50242,116.18,116.18,39.93,39.931
139,50251,116.18,39.932,4,-16,97,99,50244,50258,116.18,116.18,39.931,39.932
140,50278,116.18,39.933,4,10,95,84,50260,50296,116.18,116.18,39.932,39.933
141,50306,116.18,39.933,4,88,8,5,50300,50312,116.18,116.18,39.933,39.933
142,50318,116.18,39.933,4,93,-4,-2,50314,50323,116.18,116.18,39.933,39.933
143,50346,116.18,39.933,4,94,10,6,50325,50366,116.18,116.18,39.933,39.933
144,50374,116.18,39.933,4,99,24,14,50368,50379,116.18,116.18,39.933,39.933
145,50386,116.18,39.933,4,86,-3,-2,50381,50391,116.18,116.18,39.933,39.933
146,50398,116.18,39.933,4,99,4,2,50393,50404,116.18,116.18,39.933,39.933
147,50412,116.19,39.933,4,87,8,5,50406,50418,116.19,116.19,39.933,39.934
148,50426,116.19,39.934,4,87,-0,-0,50420,50432,116.19,116.19,39.934,39.934
149,50440,116.19,39.933,4,100,-1,-1,50434,50446,116.19,116.19,39.933,39.933
150,50462,116.19,39.933,4,94,-14,-8,50448,50475,116.19,116.19,39.933,39.933
151,50480,116.19,39.933,4,95,2,1,50476,50484,116.19,116.19,39.933,39.933
152,50489,116.19,39.933,4,90,0,0,50485,50493,116.19,116.19,39.933,39.933
153,50524,116.19,39.934,4,89,92,46,50494,50555,116.19,116.19,39.933,39.934
154,50571,116.19,39.935,4,-3,90,92,50557,50585,116.19,116.19,39.934,39.935
155,50592,116.19,39.936,4,0,91,90,50587,50596,116.19,116.19,39.935,39.936
156,50602,116.19,39.937,4,6,91,86,50597,50606,116.19,116.19,39.936,39.937
157,50612,116.19,39.938,4,10,98,84,50607,50616,116.19,116.19,39.937,39.938
158,50624,116.19,39.939,4,12,99,83,50618,50630,116.19,116.19,39.938,39.939
159,50637,116.19,39.94,4,18,89,79,50632,50642,116.19,116.19,39.939,39.94
160,50648,116.19,39.941,4,15,86,80,50644,50653,116.19,116.19,39.94,39.941
161,50664,116.19,39.942,4,-4,93,92,50655,50672,116.19,116.19,39.941,39.942
162,50710,116.19,39.943,4,9,94,85,50675,50744,116.19,116.19,39.942,39.943
163,50753,116.19,39.944,4,-10,94,96,50746,50760,116.19,116.19,39.943,39.944
164,50778,116.19,39.944,4,-7,91,94,50762,50794,116.19,116.19,39.944,39.945
165,50803,116.19,39.945,4,-47,90,118,50796,50810,116.19,116.19,39.945,39.946
166,50831,116.19,39.946,4,-92,98,133,50812,50850,116.19,116.19,39.946,39.947
167,50871,116.19,39.947,4,-95,7,176,50852,50890,116.19,116.19,39.947,39.947
168,50899,116.19,39.947,4,-95,-2,-179,50893,50905,116.19,116.19,39.947,39.947
169,50912,116.19,39.947,4,-95,-0,-180,50907,50917,116.19,116.19,39.947,39.947
170,50928,116.19,39.947,4,-93,-4,-178,50919,50938,116.19,116.19,39.947,39.947
171,50974,116.19,39.947,4,-89,-3,-178,50941,51008,116.19,116.19,39.947,39.947
172,51023,116.19,39.947,4,-61,92,124,51010,51036,116.19,116.19,39.947,39.948
173,51054,116.19,39.948,4,-24,98,104,51038,51069,116.19,116.18,39.948,39.949
174,51079,116.18,39.949,4,-41,99,112,51071,51087,116.18,116.18,39.949,39.95
175,51094,116.18,39.95,4,-44,100,114,51089,51100,116.18,116.18,39.95,39.951
176,51107,116.18,39.951,4,-52,99,118,51101,51113,116.18,116.18,39.951,39.952
177,51121,116.18,39.952,4,-46,88,118,51115,51127,116.18,116.18,39.952,39.952
178,51187,116.18,39.953,4,-98,66,146,51129,51245,116.18,116.18,39.953,39.953
179,51332,116.18,39.953,4,-99,57,150,51250,51415,116.18,116.18,39.953,39.954
180,51518,116.18,39.954,4,-15,97,99,51420,51615,116.18,116.18,39.954,39.955
181,51698,116.18,39.955,4,-98,50,153,51620,51775,116.18,116.18,39.955,39.955
182,51888,116.18,39.955,4,-97,37,159,51780,51995,116.18,116.18,39.955,39.955
183,52422,116.18,39.956,4,-73,99,126,52000,52845,116.18,116.18,39.955,39.956
184,53310,116.18,39.956,4,49,30,31,52848,53773,116.18,116.18,39.956,39.957
185,53988,116.18,39.957,4,-83,99,130,53778,54198,116.18,116.18,39.957,39.958
186,54762,116.18,39.958,4,-84,-1,-179,54203,55321,116.18,116.18,39.958,39.958
187,56225,116.17,39.957,4,-97,-21,-168,55326,57124,116.18,116.17,39.958,39.957
188,57324,116.17,39.958,4,-84,84,135,57129,57519,116.17,116.17,39.957,39.958
189,57809,116.17,39.959,4,-44,99,114,57524,58094,116.17,116.17,39.958,39.959
190,58186,116.17,39.96,4,-27,97,106,58099,58274,116.17,116.17,39.959,39.96
191,59202,116.17,39.96,4,-1,94,91,58279,60124,116.17,116.17,39.96,39.961
192,60354,116.17,39.961,4,20,-82,-76,60129,60579,116.17,116.17,39.961,39.96
193,60659,116.17,39.96,4,33,-100,-72,60584,60734,116.17,116.17,39.96,39.959
194,60854,116.17,39.959,4,44,-98,-66,60739,60969,116.17,116.17,39.959,39.958
195,61042,116.17,39.958,4,20,-99,-79,60974,61109,116.17,116.17,39.958,39.957
196,61290,116.17,39.957,4,69,1,1,61114,61466,116.17,116.17,39.957,39.957
197,61614,116.17,39.957,4,98,40,22,61471,61756,116.17,116.18,39.957,39.958
198,61810,116.18,39.957,4,94,-11,-7,61760,61859,116.18,116.18,39.958,39.957
199,61942,116.18,39.957,4,44,-99,-66,61864,62019,116.18,116.18,39.957,39.957
200,62094,116.18,39.956,4,19,-98,-79,62024,62163,116.18,116.18,39.957,39.956
201,62250,116.18,39.955,4,98,-64,-33,62168,62333,116.18,116.18,39.956,39.955
202,62440,116.18,39.955,4,90,-95,-47,62338,62543,116.18,116.18,39.955,39.954
203,62610,116.18,39.954,4,44,-99,-66,62548,62673,116.18,116.18,39.954,39.953
204,62813,116.18,39.953,4,58,-97,-59,62678,62948,116.18,116.18,39.953,39.952
205,63008,116.18,39.952,4,30,-90,-72,62953,63063,116.18,116.18,39.952,39.952
206,63408,116.18,39.951,4,95,-30,-18,63393,63424,116.18,116.18,39.951,39.951
207,63440,116.18,39.951,4,84,-82,-44,63427,63454,116.18,116.18,39.951,39.95
208,63462,116.18,39.95,4,46,-90,-63,63456,63468,116.18,116.18,39.95,39.949
209,63475,116.18,39.949,4,36,-99,-70,63469,63481,116.18,116.18,39.949,39.948
210,63514,116.19,39.948,4,20,-91,-78,63483,63544,116.18,116.19,39.948,39.947
211,63594,116.19,39.947,4,89,-67,-37,63547,63641,116.19,116.19,39.947,39.947
212,63646,116.19,39.947,4,93,-1,-1,63642,63651,116.19,116.19,39.947,39.947
213,63656,116.19,39.947,4,81,1,1,63652,63660,116.19,116.19,39.947,39.947
214,63666,116.19,39.947,4,95,-3,-2,63662,63671,116.19,116.19,39.947,39.947
215,63676,116.19,39.947,4,98,-0,-0,63672,63681,116.19,116.19,39.947,39.947
216,63699,116.19,39.947,4,94,5,3,63683,63715,116.19,116.19,39.947,39.947
217,63726,116.19,39.946,4,68,-93,-54,63717,63734,116.19,116.19,39.947,39.946
218,63742,116.19,39.945,4,49,-97,-63,63736,63749,116.19,116.19,39.946,39.945
219,63760,116.19,39.944,4,3,-92,-88,63751,63769,116.19,116.19,39.945,39.944
220,63789,116.19,39.943,4,3,-98,-88,63771,63807,116.19,116.19,39.944,39.943
221,63815,116.19,39.942,4,4,-87,-87,63809,63821,116.19,116.19,39.943,39.942
222,63832,116.19,39.942,4,-7,-99,-94,63823,63841,116.19,116.19,39.942,39.941
223,63860,116.19,39.941,4,3,-94,-88,63846,63873,116.19,116.19,39.941,39.94
224,63890,116.19,39.94,4,-21,-98,-102,63878,63901,116.19,116.19,39.94,39.939
225,63908,116.19,39.939,4,-12,-88,-98,63903,63913,116.19,116.19,39.939,39.938
226,63920,116.19,39.938,4,-5,-86,-93,63915,63925,116.19,116.19,39.938,39.937
227,63932,116.19,39.937,4,-6,-92,-94,63927,63936,116.19,116.19,39.937,39.936
228,63942,116.19,39.936,4,-4,-88,-93,63937,63947,116.19,116.19,39.936,39.936
229,63968,116.19,39.935,4,13,-95,-82,63949,63988,116.19,116.19,39.935,39.935
230,63997,116.19,39.934,4,-0,-89,-90,63991,64003,116.19,116.19,39.934,39.934
231,64012,116.19,39.933,4,-91,-27,-163,64005,64020,116.19,116.19,39.934,39.933
232,64026,116.19,39.933,4,-94,-5,-177,64021,64030,116.19,116.19,39.933,39.933
233,64036,116.19,39.933,4,-96,0,180,64031,64040,116.19,116.19,39.933,39.933
234,64056,116.19,39.933,4,-96,18,169,64042,64069,116.19,116.19,39.933,39.933
235,64076,116.19,39.933,4,-98,-11,-174,64071,64081,116.19,116.19,39.933,39.933
236,64086,116.19,39.933,4,-94,3,178,64082,64089,116.19,116.19,39.933,39.933
237,64094,116.19,39.933,4,-99,7,176,64090,64099,116.19,116.18,39.933,39.933
238,64106,116.18,39.933,4,-88,-7,-175,64101,64111,116.18,116.18,39.933,39.933
239,64119,116.18,39.933,4,-99,-2,-179,64113,64125,116.18,116.18,39.933,39.933
240,64132,116.18,39.933,4,-94,-11,-173,64127,64138,116.18,116.18,39.933,39.933
241,64162,116.18,39.933,4,-76,-14,-170,64143,64181,116.18,116.18,39.933,39.933
242,64188,116.18,39.933,4,-97,4,178,64183,64192,116.18,116.18,39.933,39.933
243,64198,116.18,39.933,4,-99,-7,-176,64193,64204,116.18,116.18,39.933,39.933
244,64234,116.18,39.933,4,-9,-93,-96,64207,64261,116.18,116.18,39.933,39.932
245,64274,116.18,39.932,4,21,-95,-78,64265,64283,116.18,116.18,39.932,39.931
246,64291,116.18,39.931,4,29,-84,-71,64285,64297,116.18,116.18,39.931,39.93
247,64316,116.18,39.93,4,34,-94,-70,64299,64333,116.18,116.18,39.93,39.929
248,64356,116.18,39.929,4,34,-93,-70,64336,64375,116.18,116.18,39.929,39.928
249,64404,116.18,39.928,4,19,-99,-79,64377,64431,116.18,116.18,39.928,39.927
250,64456,116.18,39.927,4,31,-88,-71,64433,64479,116.18,116.18,39.927,39.927
251,64491,116.18,39.926,4,33,-88,-69,64482,64500,116.18,116.18,39.926,39.926
252,64509,116.18,39.925,4,26,-90,-74,64502,64516,116.18,116.18,39.925,39.925
253,64558,116.18,39.924,4,9,-93,-84,64518,64598,116.18,116.18,39.925,39.924
254,64607,116.18,39.923,4,4,-94,-88,64600,64614,116.18,116.18,39.924,39.923
255,64623,116.18,39.922,4,0,-96,-90,64616,64630,116.18,116.18,39.923,39.922
256,64639,116.18,39.921,4,-5,-92,-93,64632,64646,116.18,116.18,39.922,39.921
257,64666,116.18,39.92,4,4,-98,-88,64648,64685,116.18,116.18,39.921,39.92
258,64692,116.18,39.919,4,6,-90,-86,64687,64698,116.18,116.18,39.92,39.919
259,64703,116.18,39.918,4,0,-86,-90,64699,64707,116.18,116.18,39.919,39.918
260,64714,116.18,39.917,4,-1,-90,-91,64709,64719,116.18,116.18,39.918,39.917
261,64726,116.18,39.917,4,-1,-91,-91,64721,64731,116.18,116.18,39.917,39.916
262,64739,116.18,39.916,4,4,-89,-87,64733,64745,116.18,116.18,39.916,39.915
263,64778,116.18,39.915,4,2,-96,-89,64747,64809,116.18,116.18,39.915,39.914
264,64820,116.18,39.914,4,-1,-99,-91,64814,64826,116.18,116.18,39.914,39.913
265,64831,116.18,39.913,4,2,-90,-89,64827,64835,116.18,116.18,39.913,39.912
266,64840,116.18,39.912,4,-1,-93,-91,64836,64843,116.18,116.18,39.912,39.911
267,64866,116.18,39.911,4,6,-100,-87,64844,64889,116.18,116.18,39.911,39.91
268,64896,116.18,39.91,4,-1,-98,-91,64891,64902,116.18,116.18,39.91,39.909
269,64906,116.18,39.909,4,-4,-93,-92,64903,64910,116.18,116.18,39.909,39.908
270,64914,116.18,39.908,4,-1,-89,-91,64911,64918,116.18,116.18,39.908,39.907
271,64936,116.18,39.907,4,5,-99,-87,64920,64952,116.18,116.18,39.907,39.906
272,64961,116.18,39.906,4,81,-32,-22,64954,64968,116.18,116.18,39.906,39.906
273,64974,116.18,39.906,4,99,16,9,64970,64979,116.18,116.18,39.906,39.906
274,64986,116.18,39.906,4,97,7,4,64980,64991,116.18,116.18,39.906,39.906
275,65012,116.18,39.906,4,84,-26,-17,64993,65031,116.18,116.19,39.906,39.906
276,65037,116.19,39.906,4,96,10,6,65033,65041,116.19,116.19,39.906,39.906
277,65064,116.19,39.906,4,93,-22,-13,65042,65086,116.19,116.19,39.906,39.906
278,65092,116.19,39.906,4,90,12,8,65088,65097,116.19,116.19,39.906,39.906
279,65120,116.19,39.906,4,97,-19,-11,65098,65143,116.19,116.19,39.906,39.906
280,65150,116.19,39.906,4,89,12,8,65145,65155,116.19,116.19,39.906,39.906
281,65176,116.19,39.906,4,93,6,4,65157,65194,116.19,116.19,39.906,39.906
282,65200,116.19,39.906,4,94,7,4,65196,65205,116.19,116.19,39.906,39.906
283,65210,116.19,39.906,4,97,-0,-0,65206,65213,116.19,116.2,39.906,39.906
284,65217,116.2,39.906,4,97,2,1,65214,65220,116.2,116.2,39.906,39.906
285,65224,116.2,39.906,4,92,2,1,65221,65227,116.2,116.2,39.906,39.906
286,65231,116.2,39.906,4,94,-2,-1,65228,65234,116.2,116.2,39.906,39.906
287,65238,116.2,39.906,4,91,-1,-1,65235,65241,116.2,116.2,39.906,39.906
288,65245,116.2,39.906,4,91,-0,-0,65242,65248,116.2,116.2,39.906,39.906
289,65252,116.2,39.906,4,97,-5,-3,65249,65256,116.2,116.2,39.906,39.906
290,65272,116.2,39.906,4,92,-1,-1,65257,65287,116.2,116.2,39.906,39.906
291,65303,116.2,39.906,4,27,-95,-74,65289,65317,116.2,116.2,39.906,39.905
292,65322,116.2,39.905,4,-1,-92,-91,65318,65325,116.2,116.2,39.905,39.904
293,65332,116.2,39.904,4,-5,-94,-93,65326,65338,116.2,116.2,39.904,39.903
294,65352,116.21,39.903,4,96,-74,-38,65340,65364,116.2,116.21,39.903,39.903
295,65369,116.21,39.903,4,97,5,3,65365,65373,116.21,116.21,39.903,39.903
296,65396,116.21,39.903,4,96,-1,-1,65374,65418,116.21,116.21,39.903,39.903
297,65428,116.21,39.903,4,94,0,0,65422,65435,116.21,116.21,39.903,39.903
298,65496,116.21,39.903,4,-81,-24,-163,65437,65554,116.21,116.21,39.903,39.902
299,65604,116.21,39.902,4,-10,-99,-96,65559,65649,116.21,116.21,39.902,39.902
300,65701,116.21,39.901,4,2,-98,-89,65654,65748,116.21,116.21,39.901,39.901
301,65798,116.21,39.9,4,-0,-95,-90,65753,65843,116.21,116.21,39.901,39.9
302,65885,116.21,39.899,4,-93,-55,-149,65848,65922,116.21,116.21,39.9,39.899
303,65964,116.21,39.899,4,-95,4,178,65927,66002,116.21,116.21,39.899,39.899
304,66189,116.21,39.9,4,-79,91,131,66007,66371,116.21,116.21,39.899,39.9
305,66442,116.21,39.9,4,-21,-79,-105,66376,66508,116.21,116.2,39.9,39.899
306,66661,116.21,39.9,4,96,-1,-1,66510,66812,116.2,116.21,39.899,39.899
307,66874,116.21,39.899,4,60,-95,-58,66817,66931,116.21,116.21,39.899,39.898
308,66978,116.21,39.898,4,35,-99,-71,66936,67021,116.21,116.21,39.898,39.897
309,67161,116.21,39.897,4,96,-76,-38,67026,67296,116.21,116.21,39.897,39.897
310,67306,116.21,39.896,4,-2,51,92,67297,67314,116.21,116.21,39.896,39.897
311,67342,116.21,39.897,4,-9,-21,-113,67319,67364,116.21,116.21,39.897,39.897
312,67688,116.21,39.896,4,-4,64,94,67686,67690,116.21,116.21,39.896,39.896
313,67802,116.21,39.897,4,-5,-12,-113,67692,67913,116.21,116.21,39.897,39.897
314,68032,116.21,39.897,4,-8,-24,-108,67918,68145,116.21,116.21,39.897,39.897
315,68210,116.21,39.896,4,30,-97,-73,68150,68270,116.21,116.21,39.896,39.896
316,68316,116.21,39.895,4,-26,4,171,68275,68357,116.21,116.21,39.896,39.896
317,68368,116.21,39.896,4,-11,92,97,68358,68379,116.21,116.21,39.896,39.896
318,68545,116.21,39.896,4,21,24,49,68384,68706,116.21,116.21,39.897,39.897
319,69444,116.21,39.897,4,15,-58,-75,68709,70179,116.21,116.21,39.897,39.896
320,70252,116.21,39.897,4,-3.9e-05,-0.000645,-93,70190,70315,116.21,116.21,39.898,39.897
